City_ID,City,Lat,Lng,Max Temp,Humidity,Cloudiness,Wind Speed,Country,Date
0,port-cartier,50.0334,-66.8654,20.88,85,100,2.37,CA,1675824480
1,kimberley,-28.7323,24.7623,65.64,75,100,7.38,ZA,1675824611
2,klaksvik,62.2266,-6.589,47.32,83,100,56.35,FO,1675824617
3,fortuna,40.5982,-124.1573,51.98,84,75,8.05,US,1675824619
4,komsomolskiy,40.4272,71.7189,30.92,80,99,4.61,UZ,1675824621
5,soyo,-6.1349,12.3689,78.89,83,84,6.44,AO,1675824622
6,ko samui,9.5357,99.9357,84.11,74,40,5.75,TH,1675824625
7,bani walid,31.7566,13.9942,49.19,66,99,13.27,LY,1675824626
8,maunabo,18.0072,-65.8993,76.69,90,17,12.59,PR,1675824627
9,ruteng,-8.6136,120.4721,71.29,78,77,3.51,ID,1675824628
10,ushuaia,-54.8,-68.3,49.66,76,20,12.66,AR,1675824636
11,port elizabeth,-33.918,25.5701,67.32,91,20,6.91,ZA,1675824637
12,lebu,-37.6167,-73.65,58.78,88,0,17.43,CL,1675824460
13,bluff,-46.6,168.3333,54.61,64,49,27.0,NZ,1675824637
14,ucluelet,48.9329,-125.5528,42.6,75,42,16.33,CA,1675824638
15,ancud,-41.8697,-73.8203,56.28,93,2,4.25,CL,1675824517
16,launceston,-41.45,147.1667,75.61,47,40,6.91,AU,1675824638
17,jamestown,42.097,-79.2353,37.04,93,100,12.66,US,1675824593
18,mataura,-46.1927,168.8643,58.08,51,64,11.68,NZ,1675824640
19,hambantota,6.1241,81.1185,79.14,94,20,9.22,LK,1675824640
20,albany,42.6001,-73.9662,35.22,78,97,3.0,US,1675824429
21,sola,-13.8833,167.55,82.13,77,96,14.41,VU,1675824641
22,lerici,44.0759,9.9112,37.53,40,1,1.99,IT,1675824641
23,qaqortoq,60.7167,-46.0333,-12.64,65,4,7.18,GL,1675824642
24,cabo san lucas,22.8909,-109.9124,70.52,64,40,4.61,MX,1675824434
25,bom jesus,-9.0744,-44.3586,72.68,78,87,1.57,BR,1675824642
26,muravlenko,63.7898,74.523,-13.27,99,86,9.71,RU,1675824642
27,koumac,-20.5667,164.2833,79.11,87,100,7.9,NC,1675824643
28,tuatapere,-46.1333,167.6833,56.8,56,58,16.2,NZ,1675824643
29,saint-francois,46.4154,3.9054,21.67,93,1,3.44,FR,1675824644
30,new norfolk,-42.7826,147.0587,62.1,32,5,4.54,AU,1675824644
31,clyde river,70.4692,-68.5914,-30.77,68,0,4.61,CA,1675824644
32,hilo,19.7297,-155.09,77.29,90,100,12.66,US,1675824645
33,castro,-24.7911,-50.0119,61.5,95,71,5.26,BR,1675824645
34,catia la mar,10.6038,-67.0303,80.8,78,75,2.3,VE,1675824646
35,thunder bay,48.4001,-89.3168,15.71,73,20,2.3,CA,1675824522
36,rydultowy,50.0586,18.417,27.01,92,68,1.01,PL,1675824646
37,banjar,-8.19,114.9675,80.37,85,98,2.8,ID,1675824646
38,kanuma,36.55,139.7333,46.22,57,91,3.83,JP,1675824647
39,cayenne,4.9333,-52.3333,77.04,88,20,4.61,GF,1675824430
40,barrow,71.2906,-156.7887,1.42,78,100,5.75,US,1675824647
41,itarema,-2.9248,-39.9167,77.52,82,100,8.3,BR,1675824648
42,malyn,50.7723,29.2383,14.67,96,15,5.12,UA,1675824648
43,hermanus,-34.4187,19.2345,66.79,83,0,11.92,ZA,1675824648
44,jalu,29.0331,21.5482,48.27,59,74,6.46,LY,1675824649
45,lashio,22.9333,97.75,66.92,33,0,1.79,MM,1675824649
46,moerai,-22.4333,-151.3333,79.61,77,51,10.4,PF,1675824649
47,atuona,-9.8,-139.0333,79.16,75,24,16.69,PF,1675824650
48,iqaluit,63.7506,-68.5145,-29.47,68,40,4.61,CA,1675824650
49,rojhan,28.6868,69.9534,60.3,37,10,8.25,PK,1675824650
50,bredasdorp,-34.5322,20.0403,64.85,81,7,6.55,ZA,1675824651
51,saint george,37.1041,-113.5841,46.99,46,0,6.91,US,1675824410
52,joshimath,30.5667,79.5667,43.47,35,0,7.2,IN,1675824651
53,fukue,32.6881,128.8419,57.56,51,40,13.8,JP,1675824652
54,port alfred,-33.5906,26.891,70.18,88,100,7.0,ZA,1675824652
55,puerto ayora,-0.7393,-90.3518,79.56,92,55,7.0,EC,1675824652
56,lakatoro,-16.0999,167.4164,82.42,71,100,2.64,VU,1675824653
57,cape town,-33.9258,18.4232,70.21,74,20,14.0,ZA,1675824461
58,vaini,-21.2,-175.2,84.36,79,75,6.91,TO,1675824653
59,marquette,46.5333,-87.6335,26.78,81,98,4.0,US,1675824653
60,yulara,-25.2406,130.9889,98.11,16,0,7.47,AU,1675824654
61,yellowknife,62.456,-114.3525,-3.44,84,75,6.91,CA,1675824654
62,lagoa,39.05,-27.9833,55.69,58,98,14.0,PT,1675824654
63,miranda,3.2499,-76.2281,71.73,84,78,5.21,CO,1675824655
64,turukhansk,65.8167,87.9833,1.92,97,100,5.48,RU,1675824655
65,margate,51.3813,1.3862,39.43,68,63,2.86,GB,1675824655
66,busselton,-33.65,115.3333,78.98,44,0,1.61,AU,1675824656
67,mingguang,32.7802,117.9638,50.9,42,99,15.48,CN,1675824656
68,carnarvon,-24.8667,113.6333,85.69,50,1,15.14,AU,1675824657
69,qaanaaq,77.484,-69.3632,-25.42,67,6,6.13,GL,1675824657
70,santa cruz,-17.8,-63.1667,74.66,88,100,5.75,BO,1675824657
71,jaque,7.5175,-78.1703,78.51,87,45,6.67,PA,1675824658
72,tiksi,71.6872,128.8694,-34.17,99,99,5.99,RU,1675824658
73,inverness,57.4791,-4.224,43.79,71,100,21.85,GB,1675824658
74,kruisfontein,-34.0033,24.7314,64.89,83,100,4.41,ZA,1675824659
75,alyangula,-13.8483,136.4192,86.88,65,100,4.27,AU,1675824659
76,tripoli,32.8752,13.1875,54.46,67,100,24.81,LY,1675824585
77,morant bay,17.8815,-76.4093,78.42,82,13,11.5,JM,1675824560
78,bengkulu,-3.8004,102.2655,83.62,57,65,7.02,ID,1675824546
79,hay river,60.8156,-115.7999,-2.22,78,75,6.91,CA,1675824584
80,tuktoyaktuk,69.4541,-133.0374,-23.8,76,100,3.44,CA,1675824660
81,provideniya,64.3833,-173.3,-3.89,71,100,6.71,RU,1675824660
82,kloulklubed,7.0419,134.2556,84.7,77,100,18.1,PW,1675824661
83,butaritari,3.0707,172.7902,81.05,81,100,21.61,KI,1675824661
84,kapaa,22.0752,-159.319,79.12,86,75,16.11,US,1675824577
85,atasu,48.6814,71.6433,3.97,95,100,5.59,KZ,1675824662
86,ciudad guayana,8.3533,-62.6528,73.53,97,2,6.15,VE,1675824664
87,khatanga,71.9667,102.5,-47.51,100,63,2.93,RU,1675824665
88,tasiilaq,65.6145,-37.6368,-0.24,39,0,26.84,GL,1675824667
89,camapua,-19.5314,-54.0439,69.24,94,100,0.13,BR,1675824667
90,camopi,3.1655,-52.3158,71.65,99,100,1.79,GF,1675824668
91,nikolskoye,59.7035,30.7861,30.09,86,100,10.04,RU,1675824669
92,arandis,-22.4167,14.9667,64.31,81,32,4.59,NA,1675824669
93,rikitea,-23.1203,-134.9692,79.84,69,37,9.04,PF,1675824462
94,gorontalo,0.5412,123.0595,74.34,94,100,4.9,ID,1675824671
95,la palma,33.8464,-118.0467,63.91,55,20,1.01,US,1675824673
96,georgetown,5.4112,100.3354,84.13,78,20,11.5,MY,1675824639
97,geraldton,-28.7667,114.6,88.21,33,0,8.05,AU,1675824673
98,saint-philippe,-21.3585,55.7679,78.39,83,89,13.35,RE,1675824674
99,marzuq,14.4,46.4667,61.43,53,6,5.14,YE,1675824675
100,shillong,25.5689,91.8831,54.39,50,97,3.02,IN,1675824676
101,takayama,36.1333,137.25,43.03,74,74,2.42,JP,1675824678
102,cortes,41.9395,-1.4396,39.25,87,99,13.58,ES,1675824679
103,severo-kurilsk,50.6789,156.125,24.91,55,15,9.57,RU,1675824680
104,srednekolymsk,67.45,153.6833,-26.55,95,100,5.5,RU,1675824681
105,namatanai,-3.6667,152.4333,85.73,64,92,10.67,PG,1675824682
106,kitgum,3.2783,32.8867,69.66,44,1,2.3,UG,1675824683
107,arraial do cabo,-22.9661,-42.0278,74.75,92,100,2.33,BR,1675824684
108,husavik,66.0449,-17.3389,23.34,72,91,14.76,IS,1675824685
109,zhuhai,22.2769,113.5678,71.85,88,40,10.36,CN,1675824686
110,viedma,-40.8135,-62.9967,67.14,62,37,8.37,AR,1675824688
111,jinchang,38.4953,102.1739,25.97,82,100,3.0,CN,1675824690
112,saint-augustin,51.226,-58.6502,-3.23,87,15,5.03,CA,1675824692
113,punta arenas,-53.15,-70.9167,51.91,82,0,4.61,CL,1675824692
114,avarua,-21.2078,-159.775,84.25,74,34,10.36,CK,1675824655
115,gwadar,25.1216,62.3254,70.65,66,2,4.5,PK,1675824693
116,samarai,-10.6167,150.6667,82.54,76,100,14.83,PG,1675824693
117,san patricio,28.017,-97.5169,71.89,82,92,13.49,US,1675824694
118,east london,-33.0153,27.9116,70.66,83,100,10.27,ZA,1675824694
119,upata,8.0086,-62.3989,70.2,92,0,4.18,VE,1675824694
120,longyearbyen,78.2186,15.6401,24.64,80,40,20.71,SJ,1675824695
121,norman wells,65.282,-126.8329,-9.36,77,75,0.0,CA,1675824695
122,pergamino,-33.89,-60.5736,75.18,27,0,6.89,AR,1675824503
123,luanda,-8.8368,13.2343,76.24,80,100,7.7,AO,1675824696
124,pisco,-13.7,-76.2167,75.25,83,0,11.5,PE,1675824696
125,malakal,9.5334,31.6605,73.09,17,0,10.16,SS,1675824697
126,mahebourg,-20.4081,57.7,79.25,83,40,11.5,MU,1675824697
127,avera,33.194,-82.5271,48.9,59,66,4.05,US,1675824698
128,raga,8.4596,25.678,68.99,20,6,7.78,SS,1675824698
129,tura,25.5198,90.2201,68.07,41,96,1.9,IN,1675824699
130,conceicao do araguaia,-8.2578,-49.2647,73.06,93,83,2.86,BR,1675824700
131,pachino,36.7186,15.0907,47.21,66,100,18.05,IT,1675824700
132,sitka,57.0531,-135.33,37.29,81,100,0.0,US,1675824701
133,whangamata,-37.2,175.8667,79.02,55,67,10.67,NZ,1675824701
134,caravelas,-17.7125,-39.2481,76.82,83,6,7.0,BR,1675824701
135,chernyshevskiy,63.0128,112.4714,-22.74,96,100,0.43,RU,1675824702
136,isangel,-19.55,169.2667,86.11,79,100,3.44,VU,1675824702
137,kourou,5.1552,-52.6478,77.05,93,93,6.98,GF,1675824702
138,porto walter,-8.2686,-72.7439,71.69,96,97,0.94,BR,1675824703
139,hobart,-42.8794,147.3294,62.46,69,75,13.8,AU,1675824412
140,shache,38.4167,77.2406,29.43,62,0,4.16,CN,1675824703
141,souillac,-20.5167,57.5167,79.18,83,40,11.5,MU,1675824704
142,havre-saint-pierre,50.2334,-63.5986,19.76,73,100,11.5,CA,1675824704
143,kirakira,-10.4544,161.9205,82.33,83,100,9.42,SB,1675824704
144,ulaangom,49.9811,92.0667,-11.42,96,100,0.81,MN,1675824705
145,sao filipe,14.8961,-24.4956,68.23,69,20,9.82,CV,1675824705
146,victoria,22.2855,114.1577,66.96,84,97,11.01,HK,1675824672
147,ilulissat,69.2167,-51.1,-16.58,76,75,6.91,GL,1675824706
148,krasnoyarskiy,51.965,59.8967,-3.95,100,99,7.67,RU,1675824706
149,hithadhoo,-0.6,73.0833,81.19,72,15,7.52,MV,1675824706
150,dikson,73.5069,80.5464,-6.27,91,100,22.73,RU,1675824707
151,limoges,45.75,1.3333,36.16,64,0,9.22,FR,1675824478
152,coquimbo,-29.9533,-71.3436,64.13,88,75,4.61,CL,1675824480
153,majene,-3.5403,118.9707,88.14,56,59,6.6,ID,1675824707
154,elliot lake,46.3834,-82.6331,25.48,88,90,8.63,CA,1675824708
155,nefteyugansk,61.0998,72.6035,-22.81,100,57,5.48,RU,1675824708
156,talnakh,69.4865,88.3972,-11.79,98,98,7.38,RU,1675824709
157,nanortalik,60.1432,-45.2371,4.53,73,9,18.95,GL,1675824709
158,yuzhnyy,53.2542,83.6936,-0.02,78,75,6.71,RU,1675824709
159,dom pedrito,-30.9828,-54.6731,74.44,54,0,11.3,BR,1675824710
160,qasigiannguit,68.8193,-51.1922,-16.35,99,99,2.73,GL,1675824710
161,erzin,36.9559,36.2,33.76,58,97,4.54,TR,1675824710
162,senanga,-16.1167,23.2667,65.88,97,100,4.34,ZM,1675824711
163,berlevag,70.8578,29.0864,35.6,75,20,21.85,NO,1675824711
164,coahuayana,18.7333,-103.6833,71.26,91,18,2.35,MX,1675824711
165,mehran,33.1222,46.1646,49.68,64,68,4.32,IR,1675824442
166,touros,-5.1989,-35.4608,77.68,74,100,11.97,BR,1675824712
167,siyabuswa,-25.1132,29.0445,69.19,68,47,4.61,ZA,1675824712
168,homer,59.6425,-151.5483,26.49,72,75,18.41,US,1675824713
169,lavrentiya,65.5833,-171.0,-14.75,92,97,2.93,RU,1675824713
170,kununurra,-15.7667,128.7333,96.78,46,5,8.05,AU,1675824713
171,yamandu,7.9362,-11.4928,72.07,79,69,1.16,SL,1675824714
172,kodiak,57.79,-152.4072,27.91,50,0,16.11,US,1675824714
173,mokhsogollokh,61.4681,128.9203,-29.87,96,100,1.5,RU,1675824714
174,saint-pierre,-21.3393,55.4781,78.48,78,0,11.5,RE,1675824715
175,kaeo,-35.1,173.7833,78.33,65,38,7.25,NZ,1675824715
176,foundiougne,14.1333,-16.4667,71.64,23,85,12.5,SN,1675824715
177,gbarnga,6.9956,-9.4722,71.2,99,100,1.34,LR,1675824716
178,korla,41.7597,86.1469,31.32,81,13,2.62,CN,1675824716
179,bilibino,68.0546,166.4372,-33.48,98,100,2.48,RU,1675824717
180,londoko,49.0333,131.9833,3.43,59,1,10.27,RU,1675824717
181,huadian,42.9633,126.7478,16.92,75,4,9.06,CN,1675824717
182,zhireken,52.8249,117.3076,3.45,75,8,2.91,RU,1675824718
183,ambon,-3.6954,128.1814,91.54,55,20,8.05,ID,1675824718
184,vila franca do campo,37.7167,-25.4333,55.81,78,92,10.11,PT,1675824718
185,salinopolis,-0.6136,-47.3561,78.35,86,100,9.24,BR,1675824719
186,medford,42.3265,-122.8756,48.78,75,90,1.99,US,1675824719
187,gubkinskiy,64.434,76.5026,-13.83,100,80,8.97,RU,1675824719
188,narasannapeta,18.4167,84.05,74.7,68,4,4.92,IN,1675824720
189,rio grande,-32.035,-52.0986,73.98,72,0,15.41,BR,1675824720
190,salihorsk,52.7876,27.5415,12.85,97,38,2.86,BY,1675824721
191,timizart,36.8,4.2667,47.68,65,100,3.06,DZ,1675824721
192,miraflores,19.2167,-98.8083,66.87,54,0,3.36,MX,1675824722
193,oussouye,12.485,-16.5469,68.18,44,60,8.63,SN,1675824722
194,rio gallegos,-51.6226,-69.2181,57.25,77,0,20.71,AR,1675824724
195,fare,-16.7,-151.0167,80.74,70,9,10.07,PF,1675824724
196,coromandel,-18.4733,-47.2003,66.15,89,99,2.39,BR,1675824725
197,anamur,36.0751,32.8369,39.25,46,15,12.06,TR,1675824725
198,liverpool,53.4106,-2.9779,41.65,88,20,5.75,GB,1675824487
199,wuwei,37.9281,102.6414,25.83,84,100,8.72,CN,1675824726
200,ballina,-28.8667,153.5667,81.79,67,99,9.13,AU,1675824727
201,thaba-tseka,-29.522,28.6084,54.75,89,100,3.51,LS,1675824728
202,mahuva,21.0914,71.7622,71.24,46,5,8.55,IN,1675824728
203,gambiran,-6.7988,111.4951,75.16,93,100,3.78,ID,1675824729
204,andijon,40.7821,72.3442,31.28,93,90,0.0,UZ,1675824730
205,prnjavor,44.8703,17.6628,24.06,63,0,0.22,BA,1675824730
206,san carlos de bariloche,-41.1456,-71.3082,64.15,55,0,10.36,AR,1675824732
207,vardo,70.3705,31.1107,28.38,86,10,20.71,NO,1675824733
208,kaitangata,-46.2817,169.8464,58.91,49,18,14.99,NZ,1675824734
209,nkhotakota,-12.9274,34.2961,72.12,84,100,4.16,MW,1675824735
210,airai,-8.9266,125.4092,70.25,79,80,3.33,TL,1675824736
211,dunedin,-45.8742,170.5036,61.25,46,71,17.72,NZ,1675824461
212,rabat,33.9911,-6.8401,53.67,80,40,10.36,MA,1675824727
213,hammerfest,70.6634,23.6821,36.05,64,0,13.8,NO,1675824738
214,vila velha,-20.3297,-40.2925,80.55,90,40,8.05,BR,1675824738
215,shalyhyne,51.5717,34.1217,11.17,94,6,6.87,UA,1675824739
216,pevek,69.7008,170.3133,-21.84,95,100,3.29,RU,1675824739
217,mayumba,-3.432,10.6554,76.66,87,94,2.93,GA,1675824740
218,labuhan,-6.8844,112.2051,77.99,86,100,7.02,ID,1675824741
219,mar del plata,-38.0023,-57.5575,74.08,94,0,21.0,AR,1675824741
220,panjab,34.388,67.0233,17.62,95,100,2.01,AF,1675824742
221,luderitz,-26.6481,15.1594,65.17,82,19,19.01,NA,1675824742
222,faanui,-16.4833,-151.75,81.07,72,24,12.24,PF,1675824743
223,kieta,-6.2167,155.6333,85.73,67,31,8.43,PG,1675824744
224,murillo,4.8739,-75.1715,44.58,90,32,4.65,CO,1675824746
225,nemuro,43.3236,145.575,26.19,57,28,3.89,JP,1675824748
226,fort nelson,58.8053,-122.7002,13.59,92,0,3.44,CA,1675824748
227,tsybuliv,49.0766,29.8461,18.19,87,26,8.68,UA,1675824750
228,vanavara,60.34,102.2797,2.23,96,100,2.82,RU,1675824751
229,tilichiki,60.4667,166.1,-18.63,90,65,9.78,RU,1675824752
230,batanovci,42.5997,22.9506,22.08,87,66,3.22,BG,1675824752
231,lundazi,-12.2929,33.1782,62.49,97,100,5.19,ZM,1675824753
232,udachnyy,66.4167,112.4,-39.12,100,97,2.24,RU,1675824753
233,torbay,47.6666,-52.7314,26.58,86,75,24.16,CA,1675824754
234,flin flon,54.7682,-101.865,23.43,88,15,7.09,CA,1675824754
235,cape canaveral,28.4058,-80.6048,71.01,81,40,4.61,US,1675824693
236,lazaro cardenas,17.9583,-102.2,74.17,81,0,3.53,MX,1675824755
237,esperance,-33.8667,121.9,71.62,64,78,11.65,AU,1675824755
238,cockburn town,21.4612,-71.1419,77.88,74,0,23.55,TC,1675824515
239,islamkot,24.6997,70.177,67.15,34,4,4.7,PK,1675824756
240,havelock,34.8791,-76.9013,57.18,71,0,5.75,US,1675824756
241,ternate,0.8,127.4,76.87,90,100,10.38,ID,1675824756
242,phalaborwa,-23.943,31.1411,72.68,89,61,6.51,ZA,1675824757
243,sabha,27.0377,14.4283,51.93,40,97,12.48,LY,1675824757
244,bethel,41.3712,-73.414,37.94,82,100,3.44,US,1675824757
245,liepaja,56.5419,21.0367,35.58,87,100,14.97,LV,1675824758
246,chandausi,28.45,78.7667,55.04,51,0,7.74,IN,1675824758
247,opuwo,-18.0607,13.84,64.29,58,100,4.76,NA,1675824758
248,bilma,18.6853,12.9164,66.18,22,100,7.14,NE,1675824759
249,bealanana,-14.55,48.7333,64.36,95,100,3.89,MG,1675824759
250,xuchang,34.0167,113.8167,50.4,42,99,15.73,CN,1675824759
251,formosa,-26.1775,-58.1781,85.98,48,10,6.91,AR,1675824612
252,cidreira,-30.1811,-50.2056,75.36,81,10,14.34,BR,1675824760
253,key largo,25.0865,-80.4473,74.98,68,27,16.51,US,1675824525
254,gigmoto,13.7796,124.39,81.37,74,91,14.34,PH,1675824761
255,zhigansk,66.7697,123.3711,-46.44,97,100,6.55,RU,1675824761
256,huntersville,35.4107,-80.8429,53.89,61,0,0.0,US,1675824648
257,bada,51.392,109.8717,11.55,81,95,2.17,RU,1675824761
258,mantua,45.1667,10.7833,29.95,74,0,2.51,IT,1675824762
259,zabid,14.1951,43.3152,73.89,80,69,3.96,YE,1675824513
260,namibe,-15.1961,12.1522,69.69,76,96,5.39,AO,1675824762
261,manadhoo,5.7667,73.3833,80.74,67,32,7.2,MV,1675824763
262,nioro,13.35,-15.75,73.53,19,27,7.49,GM,1675824763
263,naze,28.3667,129.4833,61.72,67,95,14.34,JP,1675824763
264,sigli,5.3848,95.9609,80.94,74,99,3.74,ID,1675824600
265,cornelio procopio,-23.1811,-50.6467,65.43,95,28,3.4,BR,1675824764
266,hermosillo,29.0667,-110.9667,67.01,15,0,4.0,MX,1675824764
267,saskylakh,71.9167,114.0833,-29.52,100,100,0.11,RU,1675824765
268,hwange,-18.3693,26.5019,65.98,91,33,2.17,ZW,1675824765
269,salvador,13.8333,-88.9167,66.6,58,23,2.57,SV,1675824765
270,san quintin,30.4833,-115.95,58.48,52,0,2.19,MX,1675824766
271,blagoyevo,63.3667,47.9167,27.34,94,100,9.71,RU,1675824766
272,kavieng,-2.5744,150.7967,81.99,77,100,8.81,PG,1675824766
273,bathsheba,13.2167,-59.5167,74.01,94,40,11.5,BB,1675824767
274,cradock,-32.1642,25.6192,63.39,86,100,6.62,ZA,1675824767
275,yuci,37.6803,112.7319,35.35,38,100,17.9,CN,1675824767
276,edd,13.9297,41.6925,75.36,77,64,1.54,ER,1675824768
277,port lincoln,-34.7333,135.8667,74.95,57,23,8.72,AU,1675824768
278,mareeba,-17.0,145.4333,88.48,76,92,4.38,AU,1675824617
279,ures,29.4333,-110.4,57.58,17,0,6.49,MX,1675824769
280,kapuskasing,49.4169,-82.4331,17.69,73,100,17.27,CA,1675824769
281,hoquiam,46.9809,-123.8893,48.0,83,40,17.27,US,1675824578
282,leua,48.2156,18.6071,22.86,78,9,4.41,SK,1675824769
283,gizo,-8.103,156.8419,84.56,73,100,12.48,SB,1675824770
284,chitral,35.8462,71.7858,26.64,50,13,8.05,PK,1675824770
285,pangnirtung,66.1451,-65.7125,-29.18,84,5,5.23,CA,1675824770
286,ivanava,52.1451,25.5365,21.58,96,13,4.97,BY,1675824771
287,cherskiy,68.75,161.3,-27.76,95,100,5.64,RU,1675824771
288,salalah,17.0151,54.0924,68.09,52,0,6.91,OM,1675824772
289,yuancheng,36.652,107.7896,37.42,42,100,12.77,CN,1675824772
290,tazovskiy,67.4667,78.7,-10.05,100,100,8.55,RU,1675824772
291,agadez,19.75,10.25,63.72,21,100,3.13,NE,1675824773
292,saldanha,-33.0117,17.9442,62.65,89,0,11.79,ZA,1675824773
293,bardiyah,31.7561,25.0865,51.89,75,53,13.24,LY,1675824773
294,bonthe,7.5264,-12.505,75.45,80,31,4.59,SL,1675824774
295,boddam,57.4667,-1.7833,38.43,81,91,26.49,GB,1675824774
296,coihaique,-45.5752,-72.0662,62.55,67,75,2.3,CL,1675824494
297,fershampenuaz,53.5202,59.8117,-8.68,100,100,3.58,RU,1675824775
298,alofi,-19.0595,-169.9187,82.29,78,75,10.36,NU,1675824758
299,troitskoye,52.9821,84.6757,10.58,96,100,4.76,RU,1675824775
300,richards bay,-28.783,32.0377,72.27,96,11,7.78,ZA,1675824776
301,tolaga bay,-38.3667,178.3,69.89,66,100,8.66,NZ,1675824776
302,nome,64.5011,-165.4064,-7.53,77,0,0.0,US,1675824776
303,acari,-15.4311,-74.6158,76.86,79,65,3.94,PE,1675824777
304,acapulco,16.8634,-99.8901,76.15,76,2,5.21,MX,1675824620
305,gandajika,-6.75,23.95,64.2,93,100,2.51,CD,1675824777
306,upernavik,72.7868,-56.1549,-22.7,95,47,4.05,GL,1675824591
307,ribeira grande,38.5167,-28.7,55.78,65,27,4.0,PT,1675824778
308,dobsina,48.8207,20.3699,23.95,92,68,5.64,SK,1675824778
309,la libertad,-2.2333,-80.9,78.91,77,14,7.25,EC,1675824566
310,east hemet,33.74,-116.9389,60.58,41,0,1.01,US,1675824779
311,chokurdakh,70.6333,147.9167,-35.82,99,100,3.44,RU,1675824710
312,narsaq,60.9167,-46.05,-3.78,65,3,8.81,GL,1675824779
313,puerto escondido,15.85,-97.0667,77.04,73,2,6.58,MX,1675824779
314,matara,5.9485,80.5353,76.69,87,91,6.89,LK,1675824780
315,kapoeta,4.7717,33.5903,79.52,31,22,3.98,SS,1675824780
316,westport,41.1415,-73.3579,42.78,84,100,3.44,US,1675824660
317,bac lieu,9.285,105.7244,82.83,68,23,15.21,VN,1675824781
318,kimbe,-5.5502,150.1429,78.17,94,100,5.1,PG,1675824781
319,buchanan,5.8808,-10.0467,77.38,91,100,4.72,LR,1675824784
320,sunrise,26.1577,-80.2861,75.0,67,40,10.36,US,1675824784
321,katsuura,35.1333,140.3,51.82,69,99,18.63,JP,1675824785
322,esqueda,30.7167,-109.5833,43.92,29,0,6.17,MX,1675824761
323,baglan,36.1307,68.7083,47.68,33,68,1.43,AF,1675824786
324,olafsvik,64.8945,-23.7142,27.77,56,100,29.28,IS,1675824786
325,brownsville,25.9018,-97.4975,73.4,95,75,10.36,US,1675824626
326,vestmannaeyjar,63.4427,-20.2734,32.99,53,100,38.32,IS,1675824787
327,karratha,-20.7377,116.8463,95.13,37,42,10.09,AU,1675824788
328,luis correia,-2.8792,-41.6669,76.35,88,100,6.46,BR,1675824789
329,leh,34.1667,77.5833,-0.51,65,10,2.39,IN,1675824789
330,novikovo,51.1537,37.8879,10.94,93,6,9.13,RU,1675824790
331,ulladulla,-35.35,150.4667,68.11,81,100,3.0,AU,1675824791
332,baymak,52.5933,58.3225,-3.68,99,85,5.1,RU,1675824793
333,kjollefjord,70.9457,27.3465,35.65,69,46,23.02,NO,1675824794
334,sao lourenco do sul,-31.3653,-51.9783,71.19,77,0,9.8,BR,1675824795
335,praia da vitoria,38.7333,-27.0667,55.65,71,75,11.14,PT,1675824796
336,mount gambier,-37.8333,140.7667,73.53,44,14,11.39,AU,1675824796
337,wajid,3.8093,43.2471,71.92,67,0,14.67,SO,1675824797
338,miri,4.4148,114.0089,84.34,74,20,4.61,MY,1675824798
339,zlobin,45.2924,14.6541,25.9,52,0,10.36,HR,1675824798
340,george,-33.963,22.4617,63.95,94,100,11.5,ZA,1675824799
341,goderich,43.7501,-81.7165,35.92,87,100,11.5,CA,1675824799
342,san cristobal,7.7669,-72.225,69.98,78,12,1.74,VE,1675824800
343,la ronge,55.1001,-105.2842,30.45,47,0,10.36,CA,1675824801
344,bella vista,36.4295,-94.2316,44.47,94,100,9.22,US,1675824801
345,batemans bay,-35.7167,150.1833,69.1,84,100,2.1,AU,1675824802
346,mirabad,30.4362,61.8383,55.85,36,75,3.04,AF,1675824809
347,mandalgovi,45.7625,106.2708,13.75,77,96,6.93,MN,1675824811
348,thompson,55.7435,-97.8558,3.36,85,100,4.61,CA,1675824748
349,biggar,55.6167,-3.5167,45.55,93,89,11.68,GB,1675824812
350,ghanzi,-21.5667,21.7833,65.05,91,100,11.45,BW,1675824813
351,stornoway,58.2093,-6.3865,46.36,79,100,39.12,GB,1675824814
352,le port,-20.9373,55.2919,78.8,74,69,7.83,RE,1675824814
353,gandiaye,14.2333,-16.2667,71.73,20,100,11.59,SN,1675824815
354,yar-sale,66.8333,70.8333,6.31,83,100,21.79,RU,1675824815
355,almansa,38.8692,-1.0971,39.81,88,100,7.2,ES,1675824815
356,half moon bay,37.4636,-122.4286,56.01,74,0,13.8,US,1675824816
357,musoma,-1.5,33.8,68.14,75,100,3.53,TZ,1675824816
358,chengde,40.9725,117.9361,29.93,32,7,4.52,CN,1675824742
359,jiangkou,25.4872,119.1986,59.5,76,81,13.27,CN,1675824817
360,kidal,18.4411,1.4078,73.96,15,83,7.14,ML,1675824817
361,samana,19.2056,-69.3369,72.77,87,17,10.31,DO,1675824817
362,shieli,44.1667,66.75,32.74,76,100,7.2,KZ,1675824818
363,palmer,42.1584,-72.3287,33.85,80,100,6.91,US,1675824818
364,piacabucu,-10.4056,-36.4344,77.05,77,100,8.39,BR,1675824810
365,progreso,21.2833,-89.6667,76.1,67,4,14.74,MX,1675824819
366,raudeberg,61.9875,5.1352,43.95,73,90,35.79,NO,1675824819
367,mayor pablo lagerenza,-19.9309,-60.7718,73.98,89,100,4.16,PY,1675824819
368,vilhena,-12.7406,-60.1458,68.07,97,48,2.19,BR,1675824820
369,kenai,60.5544,-151.2583,29.14,93,100,20.71,US,1675824623
370,oksfjord,70.2396,22.3479,39.38,71,33,14.85,NO,1675824820
371,neiafu,-18.65,-173.9833,83.08,83,75,9.22,TO,1675824821
372,pokhara,28.2333,83.9833,61.61,44,48,1.57,NP,1675824797
373,wadena,46.4425,-95.1361,29.95,80,0,5.75,US,1675824821
374,horki,54.2861,30.9842,3.85,99,70,4.36,BY,1675824821
375,kimry,56.8667,37.35,13.08,94,80,7.36,RU,1675824822
376,kautokeino,69.0125,23.0412,24.75,81,54,21.14,NO,1675824822
377,svetlogorsk,52.6333,29.7333,9.95,97,61,2.3,BY,1675824823
378,zhanaozen,43.3,52.8,35.49,78,96,14.16,KZ,1675824823
379,kahului,20.8947,-156.47,78.82,75,40,23.02,US,1675824823
380,codrington,-38.2667,141.9667,66.56,58,80,15.08,AU,1675824824
381,port blair,11.6667,92.75,82.44,69,40,11.5,IN,1675824824
382,krasnoselkup,65.7,82.4667,-24.72,100,100,4.74,RU,1675824824
383,saint-georges,12.0564,-61.7485,76.35,82,92,13.76,GD,1675824825
384,rawson,-43.3002,-65.1023,65.21,60,2,4.79,AR,1675824709
385,port-gentil,-0.7193,8.7815,80.62,80,92,8.75,GA,1675824825
386,mehamn,71.0357,27.8492,35.55,69,35,23.02,NO,1675824826
387,chifeng,42.2683,118.9636,26.64,21,5,8.9,CN,1675824826
388,leningradskiy,69.3833,178.4167,-24.48,95,100,4.88,RU,1675824827
389,timmins,48.4669,-81.3331,24.62,80,100,12.66,CA,1675824827
390,storforshei,66.4043,14.5233,40.78,60,100,2.3,NO,1675824827
391,isetskoye,56.4858,65.3226,-15.25,100,100,3.69,RU,1675824828
392,porto novo,6.4965,2.6036,80.42,86,96,4.45,BJ,1675824828
393,banes,20.9625,-75.7186,74.59,80,7,15.32,CU,1675824828
394,georgiyevka,43.0369,74.7114,19.44,93,100,2.24,KZ,1675824829
395,los llanos de aridane,28.6585,-17.9182,53.35,62,0,5.75,ES,1675824829
396,bambous virieux,-20.3428,57.7575,79.21,83,40,11.5,MU,1675824827
397,waingapu,-9.6567,120.2641,83.73,75,61,12.35,ID,1675824830
398,mopipi,-21.1833,24.8833,72.99,68,88,9.17,BW,1675824830
399,liwale,-9.7667,37.9333,69.78,98,100,6.13,TZ,1675824830
400,pacific grove,36.6177,-121.9166,53.55,86,0,1.99,US,1675824831
401,sume,-7.6717,-36.88,69.42,78,98,8.97,BR,1675824831
402,concarneau,47.875,-3.9225,34.09,78,29,7.72,FR,1675824832
403,buala,-8.145,159.5921,81.52,85,90,7.7,SB,1675824832
404,manga,11.6636,-1.0731,79.81,17,64,10.13,BF,1675824832
405,saint-denis,48.9167,2.3333,32.11,88,0,8.05,FR,1675824833
406,taiyuan,37.8694,112.5603,35.46,38,100,17.9,CN,1675824833
407,bay roberts,47.5999,-53.2648,27.34,83,100,17.0,CA,1675824833
408,burriana,39.889,-0.085,50.13,86,83,8.55,ES,1675824834
409,loikaw,19.6742,97.2094,73.56,19,1,0.89,MM,1675824834
410,axim,4.8699,-2.2405,77.27,87,100,2.33,GH,1675824835
411,beringovskiy,63.05,179.3167,-18.44,94,71,7.78,RU,1675824835
412,kachug,53.9606,105.8817,2.98,95,100,2.28,RU,1675824835
413,miami,25.7743,-80.1937,75.0,70,40,9.22,US,1675824805
414,palu,-0.8917,119.8707,76.87,93,100,0.96,ID,1675824836
415,maniitsoq,65.4167,-52.9,0.9,91,100,10.13,GL,1675824836
416,kuvshinovo,57.0295,34.1725,19.45,94,100,7.81,RU,1675824837
417,atar,20.5169,-13.0499,58.57,29,9,11.12,MR,1675824837
418,chicama,-7.8447,-79.1469,72.14,75,53,4.7,PE,1675824837
419,san ramon,37.7799,-121.978,54.37,72,0,8.05,US,1675824798
420,auki,-8.7676,160.7034,84.81,71,98,6.55,SB,1675824838
421,alta floresta,-9.8756,-56.0861,71.02,97,100,1.32,BR,1675824838
422,pandamatenga,-18.5278,25.627,64.8,86,79,3.06,BW,1675824839
423,baykit,61.67,96.37,5.07,97,100,1.95,RU,1675824839
424,grants,35.1473,-107.8514,26.83,86,0,0.0,US,1675824839
425,kiunga,-6.1219,141.2906,85.71,67,85,6.73,PG,1675824840
426,lorengau,-2.0226,147.2712,78.28,92,100,19.26,PG,1675824840
427,marawi,7.9986,124.2928,78.39,56,72,5.06,PH,1675824840
428,katastarion,37.8333,20.7667,26.49,60,99,12.24,GR,1675824841
429,lompoc,34.6391,-120.4579,53.74,84,0,11.01,US,1675824841
430,te anau,-45.4167,167.7167,57.13,47,46,12.64,NZ,1675824612
431,ladario,-19.0047,-57.6017,73.8,96,100,2.86,BR,1675824842
432,aswan,24.0934,32.907,51.1,50,0,5.75,EG,1675824844
433,manokwari,-0.8667,134.0833,79.84,82,100,1.03,ID,1675824846
434,kulhudhuffushi,6.6221,73.07,80.17,71,70,8.77,MV,1675824847
435,focuri,47.35,27.2167,25.02,94,14,7.11,RO,1675824849
436,egvekinot,66.3167,-179.1667,-22.11,87,87,9.13,RU,1675824849
437,aykhal,66.0,111.5,-34.19,100,68,2.55,RU,1675824850
438,troitsko-pechorsk,62.7084,56.1964,13.64,94,100,9.75,RU,1675824852
439,portland,45.5234,-122.6762,46.98,87,0,5.01,US,1675824815
440,jalingo,8.8833,11.3667,73.29,20,80,4.54,NG,1675824805
441,mariental,-24.6333,17.9667,71.11,71,67,0.67,NA,1675824853
442,mwinilunga,-11.7358,24.4293,60.24,98,100,4.05,ZM,1675824855
443,tres arroyos,-38.3739,-60.2798,72.01,58,0,4.5,AR,1675824855
444,bayir,37.2687,28.2167,32.52,73,8,10.8,TR,1675824857
445,el vigia,8.6219,-71.6506,75.52,83,18,3.02,VE,1675824857
446,prague,50.088,14.4208,25.88,86,3,3.44,CZ,1675824858
447,lodja,-3.4833,23.4333,70.93,86,100,2.8,CD,1675824859
448,xining,36.6167,101.7667,29.32,76,100,2.28,CN,1675824860
449,khani,41.9563,42.9566,27.97,97,100,2.35,GE,1675824860
450,oga,46.4631,10.347,19.69,97,38,2.51,IT,1675824860
451,sambava,-14.2667,50.1667,74.52,88,88,7.43,MG,1675824861
452,port hedland,-20.3167,118.5667,93.25,52,14,8.05,AU,1675824862
453,asau,46.4333,26.4,22.12,96,98,4.83,RO,1675824862
454,boyolangu,-8.1181,111.8935,77.29,85,100,6.02,ID,1675824863
455,sabang,5.8933,95.3214,81.7,74,100,16.04,ID,1675824864
456,artyom,40.4723,50.333,37.54,72,100,32.97,AZ,1675824865
457,ugoofaaru,5.6667,73.0,80.55,67,15,6.26,MV,1675824866
458,kutum,14.2,24.6667,52.14,35,20,9.51,SD,1675824868
459,usinsk,65.9939,57.5281,16.57,94,100,24.25,RU,1675824869
460,leshukonskoye,64.8989,45.7622,33.39,99,100,9.08,RU,1675824872
461,hanyang,32.1371,105.5126,45.05,88,100,3.44,CN,1675824872
462,ponta do sol,32.6667,-17.1,60.01,62,37,8.32,PT,1675824873
463,san vicente,-26.6167,-54.1333,67.71,51,3,2.28,AR,1675824873
464,les ponts-de-ce,47.4231,-0.5248,33.04,84,94,6.6,FR,1675824874
465,talcahuano,-36.7167,-73.1167,64.08,68,0,12.66,CL,1675824874
466,nago,26.5881,127.9761,72.03,73,46,11.56,JP,1675824874
467,broome,42.2506,-75.833,39.67,77,75,10.36,US,1675824875
468,maldonado,-34.6667,-54.9167,72.79,69,44,9.71,UY,1675824875
469,constitucion,-35.3333,-72.4167,59.92,69,0,9.71,CL,1675824875
470,ondjiva,-17.0667,15.7333,69.87,37,100,7.81,AO,1675824876
471,omsukchan,62.5333,155.8,-27.99,94,93,4.74,RU,1675824876
472,samfya,-11.3649,29.5565,63.3,96,100,5.21,ZM,1675824877
473,kapit,2.0167,112.9333,88.38,58,86,1.14,MY,1675824877
474,bogo,11.0517,124.0055,82.06,68,98,11.36,PH,1675824877
475,verkhnevilyuysk,63.4453,120.3167,-31.49,96,100,0.54,RU,1675824878
476,latung,5.5,120.8833,79.68,77,100,6.69,PH,1675824878
477,ejura,7.3856,-1.3562,76.96,76,78,5.61,GH,1675824878
478,makokou,0.5738,12.8642,70.34,94,83,3.33,GA,1675824879
479,vostok,46.4856,135.8833,4.28,75,61,12.28,RU,1675824711
480,kholm,59.2667,32.85,24.15,91,100,10.65,RU,1675824879
481,meulaboh,4.1363,96.1285,81.81,69,84,0.92,ID,1675824880
482,zwedru,6.0667,-8.1281,71.92,99,87,2.44,LR,1675824880
483,henties bay,-22.116,14.2845,64.33,90,43,5.5,NA,1675824880
484,puerto colombia,10.9878,-74.9547,78.89,79,2,33.96,CO,1675824881
485,poya,-21.35,165.15,82.65,77,100,1.19,NC,1675824881
486,begamganj,23.6,78.3333,62.49,33,0,4.34,IN,1675824882
487,eureka,40.8021,-124.1637,52.66,85,99,1.99,US,1675824863
488,rolla,37.9514,-91.7713,45.21,74,0,5.75,US,1675824882
489,bloomington,44.8408,-93.2983,29.43,83,0,1.99,US,1675824794
490,chuy,-33.6971,-53.4616,69.46,82,18,6.76,UY,1675824675
491,port keats,-14.25,129.55,89.58,59,31,8.86,AU,1675824883
492,san pedro de macoris,18.4616,-69.2972,75.33,89,0,9.44,DO,1675824835
493,laguna,38.421,-121.4238,53.69,74,79,2.24,US,1675824883
494,edwardsville,38.8114,-89.9532,47.75,78,0,5.75,US,1675824883
495,oksovskiy,62.6062,39.8984,28.33,91,100,9.01,RU,1675824884
496,shimoda,34.6667,138.95,52.16,76,60,8.1,JP,1675824884
497,nykoping,58.753,17.0079,39.06,87,100,10.36,SE,1675824885
498,angoche,-16.2325,39.9086,75.87,89,100,7.94,MZ,1675824885
499,ramganj mandi,24.65,75.9333,62.08,35,0,2.66,IN,1675824885
500,arvika,59.6553,12.5852,38.01,93,96,3.98,SE,1675824886
501,rosarno,38.4841,15.979,44.17,63,10,6.87,IT,1675824886
502,biak,-0.9131,122.8766,78.03,80,100,6.8,ID,1675824886
503,aberdeen,57.1437,-2.0981,41.2,85,38,9.22,GB,1675824887
504,kemijarvi,66.7131,27.4306,18.0,95,10,5.35,FI,1675824887
505,kawalu,-7.3817,108.2082,81.48,73,100,1.88,ID,1675824888
506,varzea da palma,-17.5981,-44.7308,71.78,80,99,1.45,BR,1675824888
507,dezhou,37.4486,116.2925,41.38,31,100,10.27,CN,1675824888
508,elk city,35.412,-99.4043,41.22,75,100,5.44,US,1675824813
509,mahibadhoo,3.7833,72.9667,80.58,66,50,5.44,MV,1675824889
510,nampula,-15.1165,39.2666,71.55,94,75,8.05,MZ,1675824889
511,kavaratti,10.5669,72.642,79.88,71,93,12.26,IN,1675824889
512,skelleftea,64.7507,20.9528,28.76,93,86,6.91,SE,1675824890
513,laurinburg,34.7741,-79.4628,54.05,74,0,0.0,US,1675824890
514,college,64.8569,-147.8028,5.58,78,75,0.0,US,1675824891
515,honghu,29.8206,113.4621,50.56,91,100,8.34,CN,1675824891
516,raton,36.9034,-104.4391,27.21,59,40,9.22,US,1675824891
517,cap malheureux,-19.9842,57.6142,79.47,79,32,7.0,MU,1675824892
518,severomorsk,69.0689,33.4162,30.6,80,40,19.15,RU,1675824892
519,melfi,40.9965,15.6514,27.73,78,91,1.03,IT,1675824892
520,oktyabrskiy,54.4815,53.471,-8.77,100,90,1.25,RU,1675824893
521,hamilton,39.1834,-84.5333,52.43,91,100,5.75,US,1675824671
522,mirzapur,25.15,82.5833,60.76,59,0,8.34,IN,1675824893
523,bam,29.106,58.357,58.8,51,41,7.31,IR,1675824894
524,lata,40.1629,-8.3327,48.07,82,31,5.46,PT,1675824894
525,noumea,-22.2763,166.4572,89.58,99,98,10.31,NC,1675824894
526,nicoya,10.1483,-85.452,75.99,73,66,11.48,CR,1675824895
527,moranbah,-22.0016,148.0466,84.49,58,59,18.23,AU,1675824895
528,nueva gerona,21.8833,-82.8,78.24,70,0,12.84,CU,1675824689
529,adrar,20.5022,-10.0711,58.24,24,100,11.27,MR,1675824781
530,tiznit,29.5833,-9.5,44.55,90,0,2.01,MA,1675824858
531,pendleton,45.6721,-118.7886,49.6,77,100,18.99,US,1675824815
532,kitimat,54.0524,-128.6534,34.18,31,96,4.25,CA,1675824896
533,tobane,-21.95,27.9,69.24,63,27,4.29,BW,1675824896
534,wharton,29.3116,-96.1027,68.99,99,75,8.05,US,1675824847
535,san pedro,14.35,121.0167,87.03,67,75,5.75,PH,1675824897
536,puerto del rosario,28.5004,-13.8627,55.15,76,0,8.05,ES,1675824726
537,chumikan,54.7183,135.315,-14.39,74,57,13.51,RU,1675824897
538,bucksport,44.5737,-68.7956,32.76,83,100,4.9,US,1675824897
539,port augusta,-32.5,137.7667,95.92,13,0,8.79,AU,1675824898
540,novyy urengoy,66.0833,76.6333,-9.22,97,84,9.04,RU,1675824898
541,uruzgan,32.8333,66.0,36.5,83,97,5.84,AF,1675824899
542,maceio,-9.6658,-35.7353,72.84,94,20,3.44,BR,1675824876
543,mokhotlong,-29.2894,29.0675,54.03,84,100,4.41,LS,1675824899
544,marsh harbour,26.5412,-77.0636,71.37,62,0,18.5,BS,1675824776
545,high wycombe,51.6291,-0.7493,32.97,92,6,3.0,GB,1675824900
546,carbondale,37.7273,-89.2168,46.06,97,75,3.44,US,1675824716
547,mollendo,-17.0231,-72.0147,74.1,83,63,5.21,PE,1675824900
548,floro,61.5996,5.0328,44.96,76,93,26.46,NO,1675824900
549,byron bay,-28.65,153.6167,81.72,59,90,9.75,AU,1675824800
550,kirkwall,58.9848,-2.9587,43.97,75,100,23.02,GB,1675824901
551,el alto,-4.2714,-81.2147,74.86,78,84,10.22,PE,1675824902
552,muros,42.7762,-9.0603,43.09,80,36,16.31,ES,1675824903
553,chimbote,-9.0853,-78.5783,71.74,81,17,5.66,PE,1675824905
554,sur,22.5667,59.5289,72.77,54,45,7.0,OM,1675824906
555,parana,-31.732,-60.5238,84.54,78,0,9.24,AR,1675824907
556,blackfoot,43.1905,-112.345,25.77,93,89,2.91,US,1675824628
